{"acc": [0.26591760302415945, 0.36985018726591762, 0.49812734060073166, 0.57209737805391514, 0.61142322097378277, 0.64513108636556049, 0.6769662921348315, 0.69569288389513106, 0.72565543093484886, 0.73033707887492372, 0.73876404516705863, 0.77059925093632964, 0.76872659198353799, 0.78838951322023343, 0.79681647940074907, 0.80430711610486894, 0.79681647962398738, 0.81647940074906367, 0.82584269640597507, 0.81647940097230209, 0.83614232232061669, 0.86891385745466421, 0.86142322097378277, 0.84925093632958804, 0.8735955056179775, 0.87734082397003743, 0.87265917602996257, 0.85955056202099123, 0.86891385790114095, 0.89138576756702381, 0.88202247168687398, 0.88389513086290394, 0.88670412007342558, 0.90074906344717365, 0.90823970059777015, 0.89419475655430714, 0.91011235932732337, 0.91011235932732337, 0.91011235977380012, 0.91760299625468167, 0.92883895153409979, 0.93913857677902624, 0.91385767790262173, 0.9213483146067416, 0.93913857700226455, 0.92602996277005489, 0.9382022471910112, 0.93913857677902624, 0.94569288411836949, 0.93164794029814468, 0.93071161071012976, 0.94007490659027959, 0.93632958779174291, 0.93352059947417465, 0.95037453183520604, 0.94756554329439946, 0.93726591782623458, 0.94194756531983281, 0.95505617999851922, 0.95131086119998265, 0.95411985041050429, 0.94475655430711614, 0.96441947565543074, 0.96161048689138573, 0.95692883895131087, 0.9606741573033708, 0.95973782749211745, 0.96067415752660912, 0.94662921370638442, 0.95411985041050429, 0.94569288411836949, 0.95505617999851922, 0.95880149812734083, 0.96441947565543074, 0.95131086164645939, 0.96254681647940077, 0.95599250958653426, 0.95131086142322097, 0.95318352059925093, 0.96254681670263909, 0.96067415752660912, 0.95131086142322097, 0.9634831460674157, 0.95224719123447432, 0.96067415708013237, 0.95786516876256422, 0.95786516876256422, 0.96722846441947563, 0.95692883917454918, 0.95692883895131087, 0.96161048689138573, 0.95131086164645939, 0.95599250936329583, 0.95599250958653426, 0.9550561797752809, 0.96254681647940077, 0.9634831460674157, 0.95692883917454918, 0.95692883895131087, 0.95037453183520604], "loss": [1.7667452565739663, 1.5735193901740656, 1.3592502593101188, 1.2216371297836304, 1.118021008227202, 1.0196074037516161, 0.94563231999508002, 0.88511277004127642, 0.82939235771193487, 0.78289442785670249, 0.74216866783434976, 0.67412039336193819, 0.65379784214362668, 0.6231283011954375, 0.58808681871114155, 0.56569726647955643, 0.59779664662000387, 0.53917642746971783, 0.51972880959510803, 0.51455635345830453, 0.4924626380540012, 0.43438664993989778, 0.42807531780964425, 0.41332840205131843, 0.39149904267841512, 0.3865924772251858, 0.37548903590730959, 0.37892285491643329, 0.3983147738131691, 0.34213027436188542, 0.36040131396122194, 0.34937047813269084, 0.31938511691289895, 0.31187978040859493, 0.30610862056191046, 0.31789947792273782, 0.26787999506746785, 0.27700322129753197, 0.27315116034688131, 0.26487334781371696, 0.24051538623227608, 0.2140522331334232, 0.23538469227400613, 0.22795773105005199, 0.21199061529020244, 0.2422488306680422, 0.19941746680700823, 0.20406937063410041, 0.18056599991151903, 0.20440614452299555, 0.20393620127260909, 0.19107506343264705, 0.19957939153083701, 0.20448210640123274, 0.16723263124178411, 0.17530808583850718, 0.19395098151562365, 0.1813252011823297, 0.16070124138607067, 0.16395378679260333, 0.15433336924133675, 0.16916174073232693, 0.13378221644193269, 0.13824483676907723, 0.15265149388755306, 0.12661836121914985, 0.12622363502613168, 0.14405269613873201, 0.16347311342253668, 0.142038470587592, 0.15660090489166506, 0.15334431785211133, 0.14507263795601741, 0.123419304423676, 0.15499193921741028, 0.12827155008660943, 0.12382502410184132, 0.15495260691877161, 0.1320444279339876, 0.12113608076666178, 0.12718204156345642, 0.153301949637213, 0.13514520770657376, 0.14286944970544357, 0.11202224857463372, 0.12426257697160771, 0.13941555428371, 0.10772912804218714, 0.14371505378281579, 0.13487757682409626, 0.12958630322293843, 0.14244705296299431, 0.14418589199582735, 0.13683255280504067, 0.13257607745097372, 0.12860310201843581, 0.12924362370249037, 0.14531119837519829, 0.13337182075008472, 0.14533724905120746], "val_acc": [0.21487603318100132, 0.18677685962728233, 0.20165289256198346, 0.20495867774752546, 0.27603305797438976, 0.3024793389907553, 0.27768595065952334, 0.25785123969405149, 0.29090909095835094, 0.33553719013190464, 0.32066115714794347, 0.34545454560232558, 0.32066115708636844, 0.36198347132068037, 0.36198347122216029, 0.33388429776696132, 0.35702479363472994, 0.3256198348338939, 0.3900826446773592, 0.37685950437853161, 0.33884297545291175, 0.35702479388103014, 0.41487603355045161, 0.3785123967188449, 0.38677685965191233, 0.41157024798314434, 0.37685950437853161, 0.42975206616496253, 0.45785124016202183, 0.40991735542116087, 0.42809917357834903, 0.4247933884790121, 0.42314049592934366, 0.39834710802913698, 0.40165289258661346, 0.42148760355208531, 0.4231404958923986, 0.42809917370149914, 0.46115702538450887, 0.4132231406436479, 0.45785123971868152, 0.39338842989984624, 0.37190082669258118, 0.42975206616496253, 0.40991735542116087, 0.41818181877293864, 0.41983471113788196, 0.41652892621095516, 0.4165289257676148, 0.49586776864430138, 0.43140495870231599, 0.41157024808166442, 0.39338842999836632, 0.39338842999836632, 0.42809917380001922, 0.38512396708992885, 0.37851239698977512, 0.37685950415686142, 0.44462809922281377, 0.41322314098846813, 0.4231404958923986, 0.43140495872694601, 0.4247933884790121, 0.40000000002463004, 0.41652892611243508, 0.42975206626348261, 0.41487603364897169, 0.41157024798314434, 0.37685950472335183, 0.41818181832959828, 0.43140495917028632, 0.40661157037108397, 0.4132231406436479, 0.41487603318100136, 0.4049586781785508, 0.40826446285917739, 0.40165289295606377, 0.42975206626348261, 0.42644628148433589, 0.41818181832959828, 0.42809917370149914, 0.41322314108698821, 0.41818181842811836, 0.42314049611406879, 0.41487603320563138, 0.42479338857753218, 0.42809917360297906, 0.4148760331071113, 0.42479338857753218, 0.42479338857753218, 0.41983471113788196, 0.38677686009525269, 0.42148760335504515, 0.40661157039571399, 0.40661157074053428, 0.44462809976467416, 0.41487603355045161, 0.43305785128892949, 0.42479338902087249, 0.4413223144436671],