{"acc": [0.18880423986386605, 0.25869493214607869, 0.3345478635605853, 0.39019542897959819, 0.42596886394117872, 0.46273600535899767, 0.47300430610109617, 0.4948658496585655, 0.51838357067929475, 0.52003974832024313, 0.50910897652176523, 0.53295793314965678, 0.5326266976806967, 0.54554488244100929, 0.55415700569023318, 0.56707519049990374, 0.56707519050977528, 0.57204372312660123, 0.5902616761109023, 0.57999337533918904, 0.59291156007975843, 0.59788009270645603, 0.5978800927953003, 0.61146074865147859, 0.60980457101053021, 0.61278569070500777, 0.62504140446817058, 0.62139781380615788, 0.63299105669062983, 0.64524677053276536, 0.64690294804538306, 0.64955283202411085, 0.6608148394001363, 0.657502484226827, 0.65783371983398942, 0.6641271945142162, 0.68201391185186844, 0.66578337203670546, 0.6734017886322593, 0.66777078508738452, 0.67638290820827784, 0.69161974169553297, 0.69393839025465842, 0.69294468372931894, 0.6952633322884445, 0.69791321629678704, 0.70188804247711778, 0.72109970186829919, 0.72341835042742475, 0.70553163297131349, 0.7061941040869224, 0.71944352440503945, 0.72374958603458717, 0.72374958603458717, 0.7376614773893404, 0.71712487574719797, 0.72242464388234207, 0.73401788669771295, 0.74031136143716925, 0.73733024176243478, 0.73600529986685104, 0.74097383244419068, 0.73699900635270421, 0.74859224906935917, 0.74660483611739603, 0.75554819484545166, 0.76416031798608808, 0.75256707523981836, 0.75521695933700517, 0.76184166950593524, 0.76449155359325049, 0.76946008608174588, 0.77409738333819911, 0.7678039085395133, 0.77939715135488419, 0.76283537603127483, 0.78701556810838336, 0.77376614782975262, 0.77740973832394833, 0.78767803916476264, 0.78403444857185112, 0.77774097381265161, 0.78668433252096415, 0.78005962245074989, 0.7899966877238882, 0.78800927459423653, 0.77409738331845601, 0.79496522035058581, 0.79032792311387567, 0.80324610796303253, 0.7949652203308426, 0.80291487257304517, 0.79662139777435925, 0.79529645576031649, 0.81980788336561472, 0.81980788336561472, 0.80092745938416388, 0.81218946671083136, 0.81285193770798125, 0.80556475662087401], "loss": [22.782908877776766, 21.158400020365605, 19.449081640758433, 17.778379180645381, 16.257295681175393, 14.904479316150404, 13.697850958327262, 12.63388468738264, 11.637043680959918, 10.815904823270371, 10.07121835761056, 9.4050345103367157, 8.8402344892261127, 8.2859650937560847, 7.8315853756680003, 7.4167425311057924, 7.0561788469878755, 6.7400882012720098, 6.4236306131735033, 6.1667471268430534, 5.9268750749545687, 5.6987331467142326, 5.5158682814020317, 5.2959269021038349, 5.1486503104177999, 5.0193477297666336, 4.8571413300139259, 4.7298207932175611, 4.626664943353906, 4.4850787576281812, 4.3858067500508353, 4.2919100931678713, 4.1758887844395263, 4.1112415278025045, 4.0278384945336541, 3.9536804373432526, 3.85536800105274, 3.8296463597725068, 3.7576909475904618, 3.6909076484397136, 3.6245167453623086, 3.565245461803511, 3.5093061492000048, 3.4689320997514246, 3.4173064168694398, 3.3750809134533566, 3.3276108652205214, 3.2619052060434619, 3.2089637433033427, 3.2049457007348439, 3.156920405167071, 3.1199902922714653, 3.0806787577872643, 3.0463746689375997, 2.987280327739128, 2.998489190190389, 2.9635993234761386, 2.9205358473817888, 2.8892027550716595, 2.869534707219445, 2.8531752683817055, 2.8200342576998914, 2.7922643568785075, 2.7612012858104928, 2.7431398989073128, 2.6979128959835186, 2.6626964732881175, 2.678826178016549, 2.6551430275125116, 2.6245142566166639, 2.5745807388990514, 2.5488581642404857, 2.53085126312966, 2.513183500562215, 2.4815970553037703, 2.5072710369548563, 2.459417738240063, 2.4545407377358659, 2.4274741571918548, 2.3931422874839861, 2.3654209730363753, 2.3675111821646246, 2.3453412660900113, 2.3575653918494686, 2.3093224073253986, 2.3126887310889828, 2.3331042985009529, 2.2755757354276391, 2.2740685790530417, 2.2133735290778791, 2.246858595459222, 2.1991011421188449, 2.193296864554755, 2.1810294442241576, 2.1282994995136142, 2.1167182928681099, 2.1373355109867731, 2.1125232200426707, 2.109740005893082, 2.0978864194068265], "val_acc": [0.24934036947177393, 0.35224274414195861, 0.36147757271663494, 0.43403693931398418, 0.48680738802006501, 0.45910290245330426, 0.50527704485488123, 0.52110817941952503, 0.5316622691292876, 0.5237467018469657, 0.55804749348232807, 0.51715039585699818, 0.57387862796833777, 0.55408970976253302, 0.55936675477468245, 0.55936675469604835, 0.59102902382533595, 0.61477572559366755, 0.57255936675461738, 0.62137203166226918, 0.62005277048786589, 0.61213720324486098, 0.60949868058151813, 0.62005277052718288, 0.62005277052718288, 0.63060686023694545, 0.60817941952506593, 0.65171503973510458, 0.63984168881162173, 0.6424802112390624, 0.66754617398521199, 0.63984168881162173, 0.65567282321899734, 0.65963060701742648, 0.64775725601530953, 0.68073878635831753, 0.67678100263852248, 0.65831134564643801, 0.69920844331108489, 0.70184696569920846, 0.70580474918310121, 0.71899736163484074, 0.70184696569920846, 0.67941952506596304, 0.69393139849552066, 0.72295514511873349, 0.73218997345750758, 0.72427440648972197, 0.74010554089709768, 0.69261213728180038, 0.71635883920740007, 0.71767810026385226, 0.74010554105436577, 0.71372031646542311, 0.70184696585647666, 0.73746701831238881, 0.73746701854829111, 0.73878627952610909, 0.73878627968337729, 0.71372031646542311, 0.75593667546174137, 0.76253298153034299, 0.78364116110713622, 0.77308707139737376, 0.78100263852242746, 0.76517150411505186, 0.77836411617362089, 0.76517150411505186, 0.76649076517150394, 0.76781002654249242, 0.74406332453825863, 0.77044854881266489, 0.77308707108283736, 0.74934036939313986, 0.79287598928864211, 0.76912928759894461, 0.79155672838945812, 0.77968337738734117, 0.79947229559314592, 0.79155672807492183, 0.77968337730870707, 0.79287598960317851, 0.79155672807492183, 0.81266490765171506, 0.79287598960317851, 0.78364116102850212, 0.80211081778468429, 0.81662269145014421, 0.81134564628072658, 0.82981530343007914, 0.80343007899840468, 0.78759894474829717, 0.80870712401055411, 0.81398416886543534, 0.80211081778468429, 0.83245382570025162, 0.80606860158311344, 0.81530342992188753, 0.79947229535724373, 0.81002638506700619],