{"acc": [0.46306724083782941, 0.5382577013242873, 0.5796621398406141, 0.59324279568692084, 0.61212321963875682, 0.64027823790606775, 0.65684001322967711, 0.68168267646188097, 0.70221927796582106, 0.70288174888399824, 0.7363365352370953, 0.74991719117224631, 0.75621066578337193, 0.76946008610148897, 0.77608479638887817, 0.79562769124901978, 0.79032792323233469, 0.80887711160662312, 0.81649552830089278, 0.81947664794601249, 0.83537595228234363, 0.8380258364683747, 0.85160649219622242, 0.84100695602465003, 0.85889367338204547, 0.86816826773700673, 0.87313680036370434, 0.87114938721430935, 0.87744286185504983, 0.87678039095661586, 0.885392514176225, 0.89433587290428063, 0.88804239814508112, 0.88737992712818814, 0.89963564103942473, 0.89831069890692283, 0.9006293475647642, 0.90857899976748036, 0.9102351771912538, 0.90924147068565753, 0.90493540917456883, 0.9155349453066548, 0.91421000329261193, 0.92348459750937084, 0.92712818824048471, 0.92613448161642931, 0.92414706856575024, 0.93474660483603844, 0.93474660491501116, 0.93872143103611239, 0.93309042725431957, 0.93408413381914546, 0.93275919176561617, 0.93839019540920676, 0.9377277245107728, 0.93474660483603844, 0.94534614110632664, 0.93077177883339623, 0.94368996356409407, 0.94269625713747041, 0.94269625713747041, 0.94037760847962903, 0.94402119907254056, 0.93408413389811806, 0.95395826432593578, 0.94501490559788004, 0.94335872803590437, 0.94667108323882854, 0.94534614110632664, 0.95031467373302414, 0.94865849628950749, 0.94898973177821089, 0.94501490557813694, 0.94600861212321963, 0.95329579330904268, 0.94832726068234519, 0.94898973169923817, 0.95163961576681022, 0.95031467373302414, 0.95428949983438227, 0.95495197094999118, 0.95462073544154458, 0.95296455780059619, 0.95064590924147063, 0.95230208688241913, 0.95859556144418678, 0.95263332227240649, 0.95660814839350783, 0.9526333222921497, 0.95197085137397253, 0.95462073534282876, 0.94998343832329357, 0.96058297459358177, 0.95296455780059619, 0.95693938400067013, 0.95892679695263328, 0.95097714484863305, 0.95992050347797286, 0.95958926806824218, 0.95992050357668868], "loss": [1.6164929674097386, 1.3602386708487024, 1.2422724157502691, 1.163522552401469, 1.0864008727078407, 1.0216543287502768, 0.95562909007980634, 0.90858639238211603, 0.86783706991828091, 0.84555701622705504, 0.77830242652615078, 0.7498468239996835, 0.71856883898717994, 0.68479173382452363, 0.65876862905245814, 0.61829007149690351, 0.60010898474550833, 0.56775157769099893, 0.53319789065000589, 0.53074112274900265, 0.49240986271858533, 0.49619193644111381, 0.45573689365829212, 0.45638551340667016, 0.41817746651255561, 0.41374486087568157, 0.40473882895939078, 0.39173432559258659, 0.36915564273476958, 0.36769409666258046, 0.35447480899484474, 0.3408753498969152, 0.34119876124934673, 0.3374398826649545, 0.30534775664708441, 0.3066463707327724, 0.29768545810613223, 0.27927875828273091, 0.27801822344567373, 0.27143110675936544, 0.27410396735136694, 0.26533992723267219, 0.25263350055919809, 0.2463376753256786, 0.23936632122078175, 0.22454479830811536, 0.22230290792050761, 0.21205561862516262, 0.21220021307685588, 0.20467761152526645, 0.20720409471375059, 0.19835831447029081, 0.20085256469490592, 0.19890036918383316, 0.19056414192127211, 0.19552727857047494, 0.18159670889890916, 0.20503909600594455, 0.17637139056821893, 0.18521470095531639, 0.18924331658622531, 0.18452032651528888, 0.18279699438768887, 0.19043996846213881, 0.16011655017235057, 0.18308205000806937, 0.17622944148477634, 0.17025226293395157, 0.17286605579434897, 0.16359983151639759, 0.16935269280394485, 0.16207451130744438, 0.17003642322212389, 0.15989405506714049, 0.15062942426453049, 0.16304753586259968, 0.15075797058762838, 0.15286810384059474, 0.16183551642877173, 0.1482871767453067, 0.14890283469077412, 0.14358180011590216, 0.14189758720249679, 0.15130896440547659, 0.15475514103695825, 0.13353386633752118, 0.15527994165696146, 0.13800883143165424, 0.15237109070756688, 0.14484004513460819, 0.1447714993785098, 0.15274402813608973, 0.13706442533087437, 0.13812065629936995, 0.13985744585122994, 0.13391806173893189, 0.14770857853560149, 0.13691189918702862, 0.12988772844194221, 0.13186986064745046], "val_acc": [0.31530343015778978, 0.34564643815199114, 0.29023746705778669, 0.4525065963847027, 0.50527704501214943, 0.64116094986807393, 0.72955145134460331, 0.75461741409075289, 0.75461741409075289, 0.77704485488126651, 0.79551451203061907, 0.77836411593771859, 0.82189973614775724, 0.81794195234932809, 0.82981530343007914, 0.83641160934141257, 0.84828496057943181, 0.84696569936571142, 0.87203166226912932, 0.85092348269233598, 0.86807387847070017, 0.8812664907651715, 0.87467018453930168, 0.87071240105540892, 0.90369393124114872, 0.88522427440633245, 0.89313984168865435, 0.90369393139841692, 0.89577836411609502, 0.905013192454869, 0.905013192454869, 0.92744063308811442, 0.90765171503957787, 0.91292876005172729, 0.92612137203166223, 0.91556728232189977, 0.93271767810026385, 0.920844327176781, 0.92480211081794195, 0.93271767810026385, 0.9287598943018347, 0.9366754617414248, 0.92216358839050128, 0.93007915551555498, 0.92612137203166223, 0.93271767810026385, 0.9366754617414248, 0.93931398416886547, 0.93403693931398413, 0.93799472295514508, 0.94063324538258575, 0.94986807387862793, 0.94063324538258575, 0.93139841672927537, 0.93799472279787688, 0.94063324538258575, 0.94063324522531755, 0.93403693915671593, 0.95118733509234832, 0.93931398416886547, 0.94195250659630603, 0.95514511857624107, 0.9445910290237467, 0.94327176781002642, 0.94327176781002642, 0.9525065963060686, 0.94327176781002642, 0.94327176781002642, 0.95382585751978888, 0.94063324538258575, 0.93799472311241328, 0.9525065963060686, 0.94986807387862793, 0.94854881266490765, 0.94986807387862793, 0.94722955145118737, 0.94722955145118737, 0.9525065963060686, 0.94195250659630603, 0.96306068601583117, 0.95382585736252068, 0.94591029039473518, 0.94986807387862793, 0.95382585751978888, 0.94195250659630603, 0.94327176781002642, 0.94986807372135973, 0.94854881266490765, 0.95382585736252068, 0.94591029023746698, 0.95646437994722955, 0.94195250659630603, 0.95646437994722955, 0.95514511857624107, 0.95514511873350927, 0.94854881250763945, 0.94591029023746698, 0.9525065963060686, 0.9366754615841566, 0.94327176781002642],