{"acc": [0.50944021204008338, 0.59258032467002775, 0.63895329575382265, 0.67340178873097511, 0.67671414379569705, 0.6690957271211706, 0.69956939391799222, 0.66710831399151882, 0.70718781058264713, 0.73070553159350471, 0.7694600862002049, 0.76681020210301809, 0.79562769126876298, 0.79894004637297122, 0.80291487255330196, 0.81748923494469139, 0.82941371322902235, 0.81980788338535782, 0.83570718781053333, 0.84100695592593422, 0.84398807550195276, 0.85558131841603946, 0.85756873144697532, 0.858562437992058, 0.86783703212984431, 0.87711162636634643, 0.86849950324545322, 0.88108645244796135, 0.88737992708870184, 0.88506127854931937, 0.89731699236184015, 0.89036104680292261, 0.88605498509440217, 0.9012918185816573, 0.90228552510699678, 0.90592911569990831, 0.90758529324214088, 0.9099039416828073, 0.9155349453263979, 0.91156011924478308, 0.9165286519504533, 0.91321629688573147, 0.91023517728996972, 0.91950977144749912, 0.91421000331235514, 0.92249089100377457, 0.92017224256310803, 0.92050347807155453, 0.92249089102351767, 0.92315336204041076, 0.92447830407419673, 0.92348459754885726, 0.93010930781650325, 0.93110301422338371, 0.9377277244910297, 0.92845313017555486, 0.93209672076846639, 0.92547201069825213, 0.94137131500496851, 0.93110301422338371, 0.93077177881365303, 0.93242795637562881, 0.93574031136137792, 0.93309042739252179, 0.94104007955575153, 0.94236502151056489, 0.92613448161642931, 0.94137131510368444, 0.93342166278250926, 0.9314342497318302, 0.93673401788671751, 0.93673401798543332, 0.93375289831069885, 0.93640278235852781, 0.93739648890361049, 0.93673401788671751, 0.93574031134163471, 0.94501490557813694, 0.93242795627691288, 0.9320967208671822, 0.94070884396833232, 0.937065253395164, 0.93872143103611239, 0.93309042739252179, 0.93905266654455888, 0.92745942365021528, 0.94070884398807553, 0.94037760847962903, 0.92977807220934083, 0.94037760857834485, 0.93839019542894997, 0.94368996366280999, 0.93706525349387981, 0.9420337860218615, 0.92977807218959763, 0.93176548535873571, 0.93540907585293143, 0.93706525349387981, 0.937065253395164, 0.93706525337542079], "loss": [1.5129929992606916, 1.1991587583297687, 1.0795526593755751, 0.96670931611245892, 0.97039976843385045, 0.97242498117474063, 0.86833190858739229, 0.97615045765134112, 0.86793400669540144, 0.80448789725283121, 0.71677845420328823, 0.68717723261563735, 0.62529275931835016, 0.61195674688166912, 0.58594537804007496, 0.56783439958873427, 0.5327196262971815, 0.53939865872574866, 0.50352938070463871, 0.48506559627503898, 0.45938931760427848, 0.44628077845140657, 0.43714650477270056, 0.42892315139751552, 0.39851334722143167, 0.39276548668756989, 0.39742663632998132, 0.3529151606022739, 0.33303326022826352, 0.35226776345986804, 0.32240568659644364, 0.34205976509127883, 0.32905884063887492, 0.29961242388320625, 0.29760160201647773, 0.28848195046374009, 0.29103113381662837, 0.28000060453364373, 0.26279711471602157, 0.26046234859402267, 0.26103655576863877, 0.27006699811665968, 0.2655093790127292, 0.2577871096120859, 0.25427208075305413, 0.23202106225328675, 0.23376801972773817, 0.23592784537823636, 0.23575542085847542, 0.22916105373060122, 0.23101608806609633, 0.22819947843995461, 0.21181635904110754, 0.21703074510700066, 0.20053417073472046, 0.21121127426293601, 0.21746710294863175, 0.22388076171175303, 0.20037331375095693, 0.21808131883656912, 0.22084896609498081, 0.20652928211981983, 0.19858258556415403, 0.21058025676787945, 0.19349058971435829, 0.19904015012117521, 0.20977630336904968, 0.20155358530701925, 0.20767588286101324, 0.21318042456471947, 0.19892140502944891, 0.19123283938269381, 0.21844723124245849, 0.20014736598277968, 0.19319284654001243, 0.20620955884303624, 0.19780939748327478, 0.18926294971258681, 0.21661071662932052, 0.20820034839491766, 0.19322753262543529, 0.21162396867806724, 0.19271051069291548, 0.19906744866842621, 0.19920889295837507, 0.20808167189468252, 0.18500880603858991, 0.19643529611397517, 0.2131255559990958, 0.18840061638006986, 0.20017677980884491, 0.18171829399820905, 0.19767846998768795, 0.18913036327205696, 0.20602951103802269, 0.20975969924797241, 0.20331127053659143, 0.20387768970494557, 0.20562068181702853, 0.20098123713987243], "val_acc": [0.58311345630711175, 0.63324538258575203, 0.69788918213668161, 0.72427440633245388, 0.60817941952506593, 0.72163588390501321, 0.75065963060686014, 0.68469656976357618, 0.75857519796781614, 0.78364116094986802, 0.79683377292980306, 0.79947229535724373, 0.83245382570025162, 0.84696569920844322, 0.85356200527704484, 0.81926121356304848, 0.86015831134564646, 0.87335092348284959, 0.87598944591029027, 0.86543535620052769, 0.88390501334988036, 0.89182058047493407, 0.8891820580474934, 0.87862796833773082, 0.90105540897097625, 0.8970976251725471, 0.91029023730975023, 0.90765171503957787, 0.8891820578902252, 0.92348284960422167, 0.91688654353562005, 0.91160949852347062, 0.9208443270195128, 0.9050131926121372, 0.92744063324538262, 0.92612137203166223, 0.91424802110817938, 0.9445910288664785, 0.920844327176781, 0.92612137187439403, 0.92216358823323308, 0.92348284960422167, 0.93271767794299565, 0.92744063324538262, 0.93799472295514508, 0.94195250659630603, 0.92348284944695347, 0.93007915567282318, 0.92744063324538262, 0.93403693915671593, 0.93007915567282318, 0.93535620052770452, 0.93403693931398413, 0.94063324538258575, 0.93535620052770452, 0.93931398416886547, 0.9287598944591029, 0.94722955160845557, 0.93139841688654357, 0.93403693931398413, 0.93403693915671593, 0.93007915567282318, 0.9445910290237467, 0.93799472279787688, 0.9287598944591029, 0.93535620052770452, 0.9366754615841566, 0.94195250659630603, 0.9366754617414248, 0.93799472295514508, 0.93535620052770452, 0.93799472295514508, 0.92480211081794195, 0.93271767810026385, 0.92612137203166223, 0.94591029023746698, 0.92216358823323308, 0.9366754617414248, 0.9287598944591029, 0.93799472295514508, 0.94591029023746698, 0.92744063308811442, 0.93403693931398413, 0.94063324538258575, 0.93799472295514508, 0.94591029023746698, 0.93139841672927537, 0.94063324538258575, 0.93271767810026385, 0.93403693915671593, 0.93535620052770452, 0.93403693931398413, 0.93271767810026385, 0.9366754617414248, 0.93139841672927537, 0.94063324538258575, 0.9366754617414248, 0.93931398416886547, 0.9366754617414248, 0.94722955145118737],